English,Sphanish
you,tú
I,Yo
to,para
the,la
a,un/una
and,y
that,ese
it,eso
of,de
me,me
what,qué
is,es
in,en
this,esta
know,saber
I'm,estoy
for,por
no,No
have,tener
my,mi
don't,no hacer
just,sólo
not,no
do,hacer
be,ser
on,en
your,tu
was,fue
we,nosotros
it's,es
with,con
so,asi que
but,pero
all,todos
well,bien
are,son
he,él
oh,Oh
about,acerca de
right,derecho
you're,estás
get,obtener
here,aquí
out,afuera
going,yendo
like,como
yeah,Si
if,Si
her,ella
she,ella
can,puede
up,arriba
want,querer
think,pensar
that's,esa es
now,ahora
go,Vamos
him,él
at,a
how,cómo
got,obtuvo
there,allí
one,uno
did,hizo
why,por qué
see,ver
come,ven
good,bien
they,ellos
really,De Verdad
as,como
would,haría
look,Mira
when,Cuándo
time,tiempo
will,voluntad
okay,okey
back,espalda
can't,hipocresía
mean,significar
tell,contar
I'll,voy a
from,desde
hey,Oye
were,fueron
he's,él es
could,podría
didn't,no lo hizo
yes,sí
his,su
been,estado
or,o
something,algo
who,OMS
because,porque
some,algunos
had,tenía
then,luego
say,decir
ok,OK
take,llevar
an,un
way,manera
us,nosotros
little,pequeño
make,hacer
need,necesitar
gonna,ir a
never,Nunca
we're,fueron
too,también
love,amor
she's,ella es
I've,He
sure,Por supuesto
them,ellos
more,más
over,sobre
our,Ntra
sorry,lo siento
where,donde
what's,qué
let,dejar
thing,cosa
am,soy
maybe,quizás
down,abajo
man,hombre
has,posee
uh,Oh
very,muy
by,por
there's,hay
should,debería
anything,cualquier cosa
said,dicho
much,mucho
any,ninguna
life,la vida
even,incluso
off,apagado
please,por favor
doing,haciendo
thank,gracias
give,dar
only,solamente
thought,pensamiento
help,ayuda
two,dos
talk,hablar
people,gente
god,Dios
still,todavía
wait,Espere
into,en
find,encontrar
nothing,nada
again,de nuevo
things,cosas
let's,vamos
doesn't,no hace
call,llamada
told,dijo
great,genial
before,antes de
better,mejor
ever,alguna vez
night,noche
than,que
away,fuera
first,primero
believe,creer
other,otro
feel,sentir
everything,todo
work,trabajo
you've,tienes
fine,multa
home,casa
after,después
last,último
these,estas
day,día
keep,guardar
does,lo hace
put,poner
around,alrededor
stop,detener
they're,ellos son
I'd,Identificación
guy,chico
long,largo
isn't,no es
always,siempre
listen,escuchar
wanted,buscado
Mr,Señor
guys,tipo
huh,eh
those,esos
big,grande
lot,lote
happened,sucedió
thanks,Gracias
won't,no lo hará
trying,difícil
kind,tipo
wrong,equivocado
through,mediante
talking,hablando
made,hecho
new,nuevo
being,ser
guess,adivinar
hi,Hola
care,cuidado
bad,malo
mom,mamá
remember,recordar
getting,consiguiendo
we'll,bien
together,juntos
dad,padre
leave,abandonar
mother,madre
place,sitio
understand,comprender
wouldn't,no lo haría
actually,Realmente
hear,oír
baby,bebé
nice,bonito
father,padre
else,demás
stay,permanecer
done,hecho
wasn't,no era
their,sus
course,curso
might,puede que
mind,mente
every,todos
enough,suficiente
try,intentar
hell,infierno
came,llegó
someone,alguien
you'll,Vas
own,propio
family,familia
whole,entero
another,otro
house,casa
jack,Jacobo
yourself,usted mismo
idea,ocurrencia
ask,preguntar
best,mejor
must,deber
coming,viniendo
old,viejo
looking,buscando
woman,mujer
hello,Hola
which,cuales
years,años
room,habitación
money,dinero
left,izquierda
knew,supo
tonight,esta noche
real,verdadero
son,hijo
hope,esperanza
name,nombre
same,mismo
went,fue
um,um
hmm,mmm
happy,contento
pretty,bonita
saw,vio
girl,niña
sir,señor
show,show
friend,amigo
already,ya
saying,dicho
may,mayo
next,próximo
three,Tres
job,trabajo
problem,problema
minute,minuto
found,encontró
world,mundo
thinking,pensando
haven't,no tiene
heard,Escuchó
honey,miel
matter,asunto
myself,yo mismo
couldn't,no podía
exactly,exactamente
having,teniendo
ah,ah
probably,probablemente
happen,suceder
we've,hemos
hurt,lastimar
boy,chico
both,ambas cosas
while,tiempo
dead,muerto
gotta,tengo que
alone,solo
since,ya que
excuse,excusa
start,comienzo
kill,matar
hard,duro
you'd,que había
today,hoy dia
car,coche
ready,Listo
until,hasta
without,sin
whatever,lo que
wants,quiere
hold,retener
wanna,querer
yet,aún
seen,visto
deal,trato
took,tomó
once,una vez
gone,desaparecido
called,llamada
morning,Mañana
supposed,supuesto
friends,amigos
head,cabeza
stuff,cosas
most,la mayoría
used,usado
worry,preocuparse
second,segundo
part,parte
live,En Vivo
truth,verdad
school,escuela
face,rostro
forget,olvidar
TRUE,CIERTO
business,negocio
each,cada
cause,porque
soon,pronto
knows,sabe
few,pocos
telling,narración
wife,esposa
who's,quién está
use,utilizar
chance,oportunidad
run,correr
move,moverse
anyone,alguien
person,persona
bye,adiós
j,j
somebody,alguien
dr,Dr
heart,corazón
such,tal
miss,extranar
married,casado
point,punto
later,luego
making,haciendo
meet,reunirse
anyway,de todas formas
many,muchos
phone,teléfono
reason,razón
damn,maldita sea
lost,perdió
looks,mira
bring,traer
case,caso
turn,girar
wish,deseo
tomorrow,mañana
kids,niños
trust,confianza
check,cheque
change,cambiar
end,fin
late,tarde
anymore,ya no
five,cinco
least,menos
town,ciudad
aren't,no son
ha,decir ah
working,laboral
year,año
makes,hace
taking,tomando
means,medio
brother,hermano
play,tocar
hate,odio
ago,atrás
says,dice
beautiful,hermosa
gave,dio
fact,hecho
crazy,loco
party,fiesta
sit,sentar
open,abierto
afraid,asustado
between,Entre
important,importante
rest,descanso
fun,divertida
kid,niño
word,palabra
watch,reloj
glad,contento
everyone,todos
days,dias
sister,hermana
minutes,minutos
everybody,todos
bit,poco
couple,Pareja
whoa,whoa
either,cualquiera
mrs,Sra
feeling,sentimiento
daughter,hija
wow,Guau
gets,obtiene
asked,preguntó
under,bajo
break,pausa
promise,promesa
door,puerta
set,colocar
close,cerrar
hand,mano
easy,fácil
question,pregunta
doctor,médico
tried,intentado
far,lejos
walk,caminar
needs,necesidades
trouble,problema
mine,Mia
though,sin embargo
times,veces
different,diferente
killed,delicado
hospital,hospital
anybody,cualquiera
Sam,Sam
alright,está bien
wedding,boda
shut,cerrar
able,poder
die,morir
perfect,Perfecto
police,policía
stand,pararse
comes,viene
hit,pegar
story,historia
ya,ya
mm,mm
waiting,esperando
dinner,cena
against,en contra
funny,divertido
husband,marido
almost,casi
stupid,estúpido
pay,pagar
answer,respuesta
four,cuatro
office,oficina
cool,Genial
eyes,ojos
news,noticias
child,niño
shouldn't,no debería
half,medio
side,lado
yours,tuyo
moment,momento
sleep,dormir
read,leer
where's,donde de
started,empezado
young,joven
men,hombres
sounds,sonidos
sonny,hijo
lucky,afortunado
pick,elegir
sometimes,algunas veces
em,em
bed,cama
also,además
date,fecha
line,línea
plan,plan
hours,horas
lose,perder
fire,fuego
free,libre
hands,las manos
serious,grave
leo,León
shit,mierda
behind,detrás
inside,dentro
high,elevado
ahead,adelante
week,semana
wonderful,maravilloso
t,t
fight,lucha
past,pasado
cut,recorte
quite,bastante
number,número
he'll,infierno
sick,enfermo
s,s
it'll,va
game,juego
eat,comer
nobody,nadie
goes,va
death,muerte
along,a lo largo de
save,salvar
seems,parece
finally,por fin
lives,vive
worried,preocupado
upset,disgustado
Theresa,Hay una
Carly,Carly
Ethan,Ethan
met,reunió
book,libro
brought,trajo
seem,parecer
sort,clasificar
safe,a salvo
living,viviendo
children,niños
weren't,no eran
leaving,partida
front,parte delantera
shot,Disparo
loved,amado
asking,preguntando
running,corriendo
clear,claro
figure,figura
hot,caliente
felt,sintió
six,seis
parents,padres
drink,beber
absolutely,absolutamente
how's,la forma de
daddy,papá
sweet,dulce
alive,viva
Paul,Paul
sense,sentido
meant,quiso decir
happens,sucede
David,David
special,especial
bet,apuesta
blood,sangre
ain't,no es
kidding,es una broma
lie,mentir
full,completo
meeting,cita
dear,Estimado
coffee,café
seeing,vidente
sound,sonido
fault,culpa
water,agua
fuck,Mierda
ten,diez
women,mujeres
John,Juan
welcome,bienvenidos
buy,comprar
months,meses
hour,hora
speak,hablar
lady,dama
Jen,Jen
thinks,piensa
Christmas,Navidad
body,cuerpo
order,orden
outside,fuera de
hang,colgar
possible,posible
worse,peor
company,empresa
mistake,error
ooh,Oh
handle,encargarse de
spend,gastar
c,C
totally,totalmente
giving,donación
control,control
here's,aquí está
marriage,matrimonio
realize,darse cuenta de
d,D
power,poder
president,presidente
unless,a no ser que
sex,sexo
girls,muchachas
send,enviar
needed,necesario
o,o
taken,tomado
died,fallecido
scared,asustado
picture,imagen
talked,habló
Jake,Jake
al,Alabama
ass,culo
hundred,centenar
changed,cambió
completely,completamente
explain,explicar
playing,jugando
certainly,ciertamente
sign,firmar
boys,Niños
relationship,relación
Michael,Miguel
loves,ama
fucking,maldito
hair,cabello
lying,acostado
choice,elección
anywhere,en cualquier lugar
secret,secreto
future,futuro
weird,extraño
luck,suerte
she'll,cáscara
Max,Max
Luis,Luis
turned,transformado
known,conocido
touch,tocar
kiss,Beso
crane,grua
questions,preguntas
obviously,obviamente
wonder,preguntarse
pain,dolor
calling,vocación
somewhere,algun lado
throw,lanzar
straight,derecho
grace,gracia
cold,frío
white,blanco
fast,rápido
Natalie,Natalie
words,palabras
r,r
food,comida
none,ninguno
drive,conducir
feelings,sentimientos
they'll,Van a
worked,trabajó
marry,casar
light,luz
test,prueba
drop,soltar
cannot,no poder
frank,franco
sent,enviado
city,ciudad
dream,sueño
protect,proteger
twenty,veinte
class,clase
Lucy,Lucy
surprise,sorpresa
its,su
sweetheart,cariño
forever,para siempre
poor,pobre
looked,miró
mad,enojado
except,excepto
gun,pistola
y'know,sabes
dance,danza
takes,acepta
appreciate,agradecer
especially,especialmente
situation,situación
besides,además
weeks,semanas
pull,jalar
himself,él mismo
hasn't,no tiene
act,Actuar
worth,valor
Sheridan,Sheridan
amazing,increíble
top,cima
given,dado
expect,suponer
ben,ben
rather,bastante
Julian,Julian
involved,involucrado
swear,jurar
piece,trozo
busy,ocupado
law,ley
decided,decidió
black,negro
Joey,Joey
happening,sucediendo
movie,película
we'd,casarse
catch,captura
Antonio,Antonio
country,país
less,menos
perhaps,quizás
step,paso
fall,otoño
watching,mirando
kept,conservó
darling,querida
dog,perro
ms,milisegundo
win,victoria
air,aire
honor,honor
personal,personal
moving,Moviente
till,hasta que
admit,admitir
problems,problemas
murder,asesinato
strong,fuerte
he'd,había
evil,maldad
definitely,definitivamente
feels,siente
information,información
honest,honesto
eye,ojo
broke,rompió
missed,omitido
longer,más extenso
dollars,dólares
tired,cansado
Jason,Jason
George,Jorge
evening,noche
human,humano
starting,a partir de
Ross,Ross
red,rojo
entire,completo
trip,viaje
Brooke,Brooke
e,mi
club,club
Niles,Niles
suppose,suponer
calm,calma
imagine,imagina
Todd,Todd
fair,justa
caught,atrapó
b,B
blame,culpar
street,calle
sitting,sentado
favor,favor
apartment,Departamento
court,Tribunal
terrible,terrible
clean,limpio
Tony,tony
learn,aprender
Alison,Alison
Rick,Almiar
works,obras
Rose,Rosa
Frasier,Frasier
relax,relajarse
York,York
million,millón
charity,caridad
accident,accidente
wake,despertarse
prove,probar
Danny,Danny
smart,inteligente
message,mensaje
missing,desaparecido
forgot,olvidó
small,pequeño
interested,interesado
table,mesa
nbsp,nbsp
become,volverse
Craig,Craig
mouth,boca
pregnant,embarazada
middle,medio
Billy,Porra
ring,anillo
careful,Cuidado
shall,deberá
dude,amigo
team,equipo
ride,montar
figured,figurado
wear,vestir
shoot,disparo
stick,palo
ray,rayo
follow,seguir
bo,bo
angry,enfadado
instead,en lugar de
buddy,compañero
write,escribir
stopped,detenido
early,temprano
angel,Ángel
nick,mella
ran,corrió
war,guerra
standing,de pie
forgive,perdonar
jail,celda
wearing,agotador
Miguel,Miguel
ladies,señoras
kinda,un poco
lunch,comida
Cristian,Cristian
eight,ocho
Greenlee,Greenlee
gotten,conseguido
hoping,esperando
Phoebe,Phoebe
thousand,mil
ridge,cresta
music,música
Luke,Lucas
paper,papel
tough,difícil
tape,cinta
Emily,Emily
state,estado
count,contar
college,Facultad
boyfriend,novio
proud,orgulloso
agree,de acuerdo
birthday,cumpleaños
bill,cuenta
seven,Siete
they've,ellos tienen
Timmy,Timmy
history,historia
share,Cuota
offer,oferta
hurry,apurarse
ow,Ay
feet,pies
wondering,preguntarse
simple,sencillo
decision,decisión
building,edificio
ones,unos
finish,terminar
voice,voz
herself,sí misma
Chris,Chris
would've,he Would
list,lista
Kay,Kay
mess,desorden
deserve,merecer
evidence,evidencia
cute,linda
Jerry,alemán
dress,vestir
Richard,Ricardo
interesting,interesante
Jesus,Jesús
James,Jaime
hotel,hotel
enjoy,disfrutar
Ryan,Ryan
Lindsay,Lindsay
quiet,tranquilo
concerned,preocupado
road,la carretera
Eve,víspera
staying,estancia
short,pequeño
m,metro
beat,derrotar
sweetie,cariño
mention,mencionar
clothes,ropa
finished,terminado
fell,cayó
neither,ninguno de los dos
mmm,mmm
fix,arreglar
Victor,Víctor
respect,respeto
spent,gastado
prison,prisión
attention,atención
holding,tenencia
calls,llamadas
near,cerca
surprised,sorprendido
bar,bar
beth,beth
pass,pasar
keeping,acuerdo
gift,regalo
hadn't,no tenía
putting,poniendo
dark,oscuro
self,uno mismo
owe,deber
using,utilizando
Nora,Nora
ice,hielo
helping,Ayudar
bitch,perra
normal,normal
aunt,tía
lawyer,abogado
apart,aparte
certain,cierto
plans,planes
Jax,Jax
girlfriend,Novia
floor,piso
whether,ya sea
everything's,todo está
present,regalo
earth,tierra
private,privado
Jessica,Jessica
box,caja
Dawson,Dawson
cover,cubrir
judge,juez
upstairs,piso de arriba
Alexis,Alexis
Shawn,Shawn
sake,motivo
mommy,mamá
possibly,posiblemente
worst,peor
station,estación
acting,interino
accept,aceptar
blow,soplo
strange,extraño
saved,salvado
Ivy,Hiedra
conversation,conversacion
plane,avión
mama,mamá
yesterday,el dia de ayer
lied,mintió
quick,rápido
lately,últimamente
stuck,atascado
lovely,encantador
security,seguridad
report,reporte
Barbara,Bárbara
difference,diferencia
rid,deshacerse
tv,televisor
Adam,Adán
store,Tienda
she'd,cobertizo
bag,bolsa
Mike,Miguel
bought,compró
ball,pelota
single,único
Kevin,Kevin
doubt,duda
listening,escuchando
major,importante
walking,para caminar
cops,policías
blue,azul
deep,profundo
dangerous,peligroso
buffy,leucocitaria
park,parque
sleeping,dormido
Chloe,Chloe
Rafe,Rafe
shh,shh
record,registro
lord,señor
Erica,Erica
moved,movido
join,unirse
key,clave
captain,capitán
card,tarjeta
crime,crimen
gentlemen,caballeros
willing,dispuesto
window,ventana
return,regresar
walked,caminó
guilty,culpable
Brenda,Brenda
likes,gustos
fighting,lucha
difficult,difícil
soul,alma
joke,broma
service,Servicio
magic,magia
favorite,favorito
uncle,tío
promised,prometido
public,público
bother,molestar
island,isla
Jim,Jim
seriously,seriamente
cell,celda
lead,dirigir
knowing,conocimiento
broken,roto
advice,Consejo
somehow,de alguna manera
paid,pagado
Blair,Blair
losing,perdiendo
push,empujar
helped,ayudado
killing,asesinato
usually,generalmente
earlier,más temprano
boss,jefe
Laura,Laura
beginning,comenzando
liked,gustó
innocent,inocente
doc,Doc
rules,reglas
Elizabeth,Elizabeth
Sabrina,Sabrina
summer,el verano
ex,ex
cop,policía
learned,aprendió
thirty,treinta
risk,riesgo
letting,arrendamiento
Phillip,Phillip
speaking,discurso
officer,oficial
ridiculous,ridículo
support,apoyo
afternoon,tarde
Eric,Eric
born,Nació
dreams,Sueños
apologize,pedir disculpas
seat,asiento
nervous,nervioso
across,al otro lado de
song,canción
Olivia,Olivia
charge,cargar
patient,paciente
Cassie,Cassie
boat,bote
how'd,¿cómo
brain,cerebro
hide,esconder
detective,detective
Aaron,Aaron
Kendall,Kendall
general,general
Tom,Tomás
planning,planificación
nine,nueve
huge,enorme
breakfast,desayuno
horrible,horrible
age,edad
awful,horrible
pleasure,Placer
driving,conduciendo
hanging,colgante
picked,escogido
system,sistema
sell,vender
quit,renunciar
apparently,aparentemente
dying,moribundo
notice,aviso
Josh,Josh
congratulations,Felicidades
chief,jefe
faith,fe
Simon,Simón
gay,homosexual
ho,Ho
one's,unos
month,mes
visit,visitar
Hal,Hal
could've,podría haber
c'mon,vamos
aw,aw
Edmund,Edmund
Brady,Brady
letter,carta
decide,decidir
American,americano
double,doble
Troy,Troy
sad,triste
press,Prensa
forward,adelante
fool,tonto
showed,presentado
smell,oler
seemed,pareció
Mary,María
spell,deletrear
Courtney,Courtney
memory,memoria
mark,marca
Alan,Alan
pictures,fotos
Paris,París
slow,lento
Joe,José
Tim,Tim
seconds,segundos
hungry,hambriento
board,tablero
position,posición
hearing,audiencia
roz,Roz
kitchen,cocina
ma'am,señora
Bob,Beto
force,fuerza
fly,volar
during,durante
space,espacio
should've,debería haber
realized,dio cuenta
experience,experiencia
kick,patear
others,otros
grab,tomar
mother's,la madre de
p,pag
Sharon,Sharon
discuss,discutir
third,tercera
cat,gato
fifty,cincuenta
responsible,responsable
Jennifer,jennifer
Philip,Philip
miles,millas
fat,gordo
reading,leyendo
idiot,idiota
yep,sí
rock,rock
rich,Rico
suddenly,repentinamente
agent,agente
bunch,racimo
destroy,destruir
bucks,dólares
track,pista
shoes,Zapatos
scene,escena
peace,paz
arms,brazos
demon,demonio
Diane,Diane
Bridget,Bridget
Brad,Puntilla
low,bajo
Livvie,Livvie
consider,considerar
papers,documentos
medical,médico
incredible,increíble
witch,bruja
er,er
drunk,borracho
attorney,abogado
Charlie,Charlie
tells,dice
knock,golpear
Karen,Karen
ways,formas
eh,eh
belle,beldad
cash,dinero en efectivo
gives,da
department,Departamento
nose,nariz
Skye,Skye
turns,vueltas
keeps,mantiene
beer,cerveza
jealous,celoso
drug,droga
Molly,muchacha
sooner,cuanto antes
cares,cuidados
plenty,mucho
extra,extra
tea,té
won,ganado
attack,ataque
ground,suelo
whose,cuyo
outta,Sal de
Kyle,Kyle
l,l
weekend,fin de semana
matters,asuntos
wrote,escribió
type,escribe
father's,El padre de
Alex,Alex
gosh,Dios mio
opportunity,oportunidad
king,Rey
impossible,imposible
books,libros
machine,máquina
waste,desperdicio
th,º
pretend,pretender
named,llamado
danger,peligro
wall,pared
Liz,Liz
Ian,Ian
Henry,Enrique
jump,salto
eating,comiendo
proof,prueba
complete,completo
slept,dormido
career,carrera profesional
arrest,arrestar
star,estrella
Phyllis,Phyllis
mac,Mac
breathe,respirar
perfectly,perfectamente
warm,cálido
pulled,tirado
Maria,maria
twice,dos veces
easier,más fácil
killer,asesino
goin,entra
dating,Fechado
suit,traje
romantic,romántico
drugs,drogas
comfortable,cómodo
Isaac,Isaac
powers,potestades
finds,hallazgos
checked,comprobado
fit,encajar
divorce,divorcio
begin,comenzar
ourselves,Nosotros mismos
closer,más cerca
ruin,ruina
although,a pesar de que
smile,sonrisa
laugh,reír
fish,pez
Abigail,Abigail
treat,tratar
God's,Dioses
fear,temor
Anna,Anna
what'd,żQué
Simone,Simone
amber,ámbar
guy's,tipo
otherwise,de lo contrario
excited,emocionado
mail,correo
hiding,ocultación
cost,costo
green,verde
stole,estola
pacey,Pacey
noticed,notada
liza,liza
fired,despedido
Daphne,Dafne
Whitney,Whitney
excellent,excelente
lived,vivido
bringing,trayendo
pop,música pop
piper,gaitero
bottom,fondo
note,Nota
sudden,repentino
church,Iglesia
bathroom,baño
flight,vuelo
Chad,Chad
la,la
honestly,honestamente
sing,canta
Katie,Katie
foot,pie
games,juegos
glass,vidrio
n,norte
Mitch,Mitch
remind,recordar
bank,Banco
Rory,Rory
charges,cargos
witness,testigo
finding,hallazgo
places,lugares
tree,árbol
dare,atrevimiento
hardly,difícilmente
that'll,eSO
u,u
interest,interesar
steal,robar
princess,princesa
silly,tonto
contact,contacto
teach,enseñar
shop,tienda
plus,más
colonel,coronel
fresh,nuevo
trial,juicio
invited,invitado
roll,rodar
radio,radio
art,Arte
reach,alcanzar
heh,je
dirty,sucio
choose,escoger
emergency,emergencia
dropped,caído
butt,extremo
credit,crédito
obvious,obvio
cry,llorar
locked,bloqueada
Larry,Larry
loving,cariñoso
positive,positivo
nuts,nueces
agreed,acordado
prue,prue
price,precio
goodbye,adiós
condition,condición
guard,Guardia
fucking,maldito
grow,crecer
cake,pastel
mood,estado animico
dad's,El padre de
Bianca,Bianca
total,total
crap,tonterías
crying,llanto
Paige,Paige
k,k
belong,pertenecer
lay,poner
partner,pareja
trick,truco
pressure,presión
ohh,Oh
arm,brazo
dressed,vestido
cup,taza
lies,mentiras
bus,autobús
taste,gusto
neck,cuello
south,Sur
something's,algunas cosas
nurse,enfermero
raise,aumentar
land,tierra
cross,cruzar
lots,lotes
mister,señor
carry,llevar
group,grupo
whoever,quien
Eddie,Eddie
drinking,Bebiendo
they'd,Habían
breaking,rotura
file,expediente
lock,cerrar con llave
computer,computadora
yo,yo
Rebecca,Rebecca
wine,vino
closed,cerrado
writing,escribiendo
spot,lugar
paying,pago
study,estudiar
assume,asumir
asleep,dormido
man's,del hombre
turning,torneado
legal,legal
justice,justicia
Viki,Viki
Chandler,Velero
bedroom,habitación
shower,ducha
Nikolas,Nikolas
camera,cámara
fill,llenar
reasons,razones
forty,cuarenta
bigger,más grande
nope,no
keys,teclas
Starr,Starr
breath,respiración
doctors,médicos
pants,pantalones
freak,fenómeno
level,nivel
French,francés
movies,películas
gee,Caramba
Monica,Mónica
action,acción
area,zona
folks,muchachos
Steve,Steve
cream,crema
ugh,puaj
continue,Seguir
focus,atención
wild,salvaje
truly,realmente
Jill,Jill
desk,escritorio
convince,convencer
client,cliente
threw,tiró
Taylor,Taylor
band,banda
hurts,duele
Charles,Charles
spending,gasto
Neil,Neil
field,campo
allow,permitir
grand,grandioso
answers,respuestas
shirt,camisa
chair,silla
Christ,Cristo
allowed,permitido
rough,áspero
doin,doin
sees,ve
government,Gobierno
Harry,Harry
ought,debería
empty,vacío
round,redondo
lights,luces
insane,loco
hall,sala
hat,sombrero
bastard,Bastardo
wind,viento
shows,espectáculos
aware,consciente
dealing,relación comercial
pack,paquete
meaning,sentido
flowers,flores
tight,ajustado
hurting,daño
ship,Embarcacion
subject,sujeto
guest,huésped
mom's,la mamá de
chicken,pollo
pal,camarada
match,partido
Elaine,Elaine
arrested,detenido
sun,sol
Rachel,Rachel
Salem,Salem
confused,confundido
surgery,cirugía
expecting,esperando
deacon,diácono
Colleen,Muchacha
unfortunately,Desafortunadamente
goddamn,maldito
lab,laboratorio
passed,aprobado
bottle,botella
beyond,más allá de
whenever,cuando sea
pool,piscina
opinion,opinión
naked,desnudo
held,retenida
common,común
starts,empieza
jerk,imbécil
secrets,misterios
falling,descendente
played,jugó
necessary,necesario
barely,apenas
dancing,baile
health,salud
tests,pruebas
copy,Copiar
Keri,Keri
video,video
cousin,prima
planned,planificado
Vanessa,Vanessa
dry,seco
ahem,Ejem
twelve,doce
simply,simplemente
Tess,Tess
Scott,scott
skin,piel
often,a menudo
English,inglés
fifteen,quince
spirit,espíritu
speech,habla
names,nombres
issue,asunto
orders,pedidos
nah,nah
final,final
Michelle,Michelle
America,America
st,S t
results,resultados
code,código
Ned,Ned
Bonnie,Bonnie
w,w
believed,creído
complicated,Complicado
umm,umm
research,investigar
nowhere,en ningún lugar
escape,escapar
biggest,más grande
restaurant,restaurante
page,página
grateful,agradecido
usual,usual
burn,quemar
Chicago,Chicago
Austin,Austin
address,Dirección
within,dentro de
someplace,en algún lugar
screw,tornillo
everywhere,En todas partes
train,tren
film,película
regret,arrepentirse
goodness,bondad
mistakes,errores
heaven,cielo
details,detalles
responsibility,responsabilidad
suspect,sospechar
corner,esquina
hero,héroe
dumb,tonto
terrific,fantástico
Peter,Peter
mission,misión
further,más lejos
Amy,Amy
gas,gas
whoo,whoo
hole,agujero
memories,recuerdos
o'clock,en punto
Brian,Brian
truck,camión
following,siguiente
ended,terminado
nobody's,de nadie
margo,margo
teeth,diente
ruined,arruinado
Hank,Madeja
split,separar
reva,Reva
bear,soportar
airport,aeropuerto
bite,morder
smoke,fumar
Stenbeck,Stenbeck
older,más viejo
liar,mentiroso
horse,caballo
gwen,Gwen
showing,demostración
van,camioneta
project,proyecto
cards,tarjetas
desperate,desesperado
themselves,ellos mismos
search,búsqueda
pathetic,patético
damage,daño
spoke,habló
quickly,rápidamente
scare,susto
marah,marah
g,gramo
beach,playa
mia,desaparecido en combate
brown,marrón
afford,poder pagar
vote,votar
settle,asentar
gold,oro
re,re
mentioned,mencionado
ed,ed
due,vencer
passion,pasión
y,y
stayed,permaneció
rule,regla
Friday,viernes
checking,comprobación
tie,Corbata
hired,Contratado
upon,sobre
rush,prisa
tad,tad
heads,cabezas
concern,preocupación
blew,sopló
natural,natural
alcazar,alcázar
Kramer,Kramer
champagne,champán
connection,conexión
tickets,Entradas
Kate,Kate
finger,dedo
happiness,felicidad
form,formulario
saving,ahorro
kissing,besos
Martin,Martín
hated,odiado
personally,personalmente
suggest,sugerir
prepared,preparado
build,construir
leg,pierna
onto,sobre
leaves,sale de
downstairs,abajo
ticket,billete
it'd,Sería
taught,enseñó
loose,suelto
holy,santo
staff,personal
sea,mar
asa,como un
planet,planeta
duty,deber
convinced,convencido
throwing,lanzamiento
defense,defensa
Harvey,Harvey
kissed,besadas
legs,piernas
Dave,David
according,según
loud,fuerte
practice,práctica
Andy,Andy
Jess,Cadena
Saturday,sábado
colin,colin
bright,brillante
Amanda,Amanda
Fraser,Fraser
f,F
babies,bebés
army,Ejército
where'd,donde D
warning,advertencia
miracle,milagro
carrying,que lleva
flying,volador
Caleb,Caleb
blind,ciego
queen,reina
ugly,feo
shopping,compras
hates,odios
someone's,de alguien
Seth,Seth
monster,monstruo
sight,vista
vampire,vampiro
Rosanna,Rosanna
bride,novia
coat,Saco
account,cuenta
states,estados
clearly,claramente
celebrate,celebrar
Nicole,Nicole
brilliant,brillante
wanting,falto
Allison,Allison
add,agregar
moon,Luna
Forrester,Forrester
lips,labios
custody,custodia
center,centrar
screwed,atornillado
buying,comprar
size,Talla
toast,brindis
thoughts,pensamientos
Isabella,Isabela
student,estudiante
stories,cuentos
however,sin embargo
professional,profesional
stars,estrellas
reality,realidad
Jimmy,Palanqueta
birth,nacimiento
Lexie,Lexie
attitude,actitud
advantage,ventaja
grandfather,abuelo
Sami,Sami
sold,vendido
opened,abrió
Lily,Lirio
grandma,abuela
beg,mendigar
Edward,Eduardo
changes,cambios
diego,Diego
cole,col
someday,algún día
grade,calificación
cheese,queso
roof,techo
Kenny,Kenny
Bobby,Poli
pizza,Pizza
brothers,hermanos
x,X
signed,firmado
bird,pájaro
ahh,Ah
marrying,casarse
powerful,poderoso
grown,crecido
grandmother,abuela
fake,falso
opening,apertura
Sally,Salida
Stephanie,Stephanie
expected,esperado
eventually,finalmente
must've,debe haber
ideas,Ideas
exciting,excitante
covered,cubierto
Parker,Parker
de,Delaware
familiar,familiar
bomb,bomba
bout,combate
television,televisión
harmony,armonía
color,color
heavy,pesado
schedule,calendario
records,registros
h,h
dollar,dólar
capable,capaz
master,Maestro
numbers,números
Toby,Toby
practically,prácticamente
including,incluso
correct,correcto
clue,pista
forgotten,olvidado
immediately,inmediatamente
appointment,cita
social,social
nature,naturaleza
ú,ú
deserves,merece
west,Oeste
Blake,Blake
teacher,profesor
threat,amenaza
Frankie,Frankie
bloody,sangriento
lonely,solitario
Kelly,Kelly
ordered,ordenado
shame,vergüenza
Brittany,Bretaña
local,local
jacket,chaqueta
hook,gancho
destroyed,destruido
scary,de miedo
loser,perdedor
investigation,investigación
above,encima
Jamal,Jamal
invite,invitación
shooting,tiroteo
merry,alegre
port,Puerto
precious,precioso
lesson,lección
Roy,Roy
criminal,delincuente
growing,creciente
caused,causado
victim,víctima
professor,profesor
followed,seguido
funeral,funeral
nothing's,No hay nada
dean,decano
considering,considerando
burning,incendio
couch,sofá
strength,fuerza
harder,más difícil
loss,pérdida
view,vista
Gia,Gia
beauty,belleza
sisters,hermanas
everybody's,de todo el mundo
several,varios
pushed,empujado
Nicholas,Nicholas
written,escrito
somebody's,de alguien
shock,choque
pushing,emprendedor
heat,calor
chocolate,chocolate
greatest,mayor
holden,Holden
miserable,miserable
Corinthos,Corinthos
nightmare,pesadilla
energy,energía
brings,trae
Zander,Zander
character,personaje
became,se convirtió
famous,famoso
enemy,enemigo
crash,choque
chances,posibilidades
sending,enviando
recognize,reconocer
healthy,saludable
boring,aburrido
feed,alimentar
engaged,comprometido
Sarah,Sarah
percent,por ciento
headed,con membrete
Brandon,Brandon
lines,líneas
treated,tratada
purpose,propósito
north,norte
knife,cuchillo
rights,derechos
drag,arrastrar
san,san
fan,ventilador
badly,gravemente
speed,velocidad
santa,Papa Noel
hire,contratar
curious,curioso
paint,pintura
pardon,perdón
Jackson,Jackson
built,construido
behavior,comportamiento
closet,armario
candy,dulce
Helena,Helena
warn,advertir
gorgeous,precioso
post,correo